Calc_time (UTC),Bat_vol (V),Latitude (deg),Longitude (deg),Hm0 (m),Pdirnaut (deg),Tm01 (s),Hmax_up (m),Crest (m),Meandir (deg),Spread (deg),Peakper (s),Tmm10 (s),Tm02 (s),drift,dir,dist_from_start
2022.07.19 17:02:44,3.54,-58.6667252,-1.107514,0.119,341,11.5,0.175,0.103,338,47,10.6,13.4,8.7,0.0,0,0
2022.07.19 17:24:34,3.55,-58.6650047,-1.0953408,0.12,332,12.5,0.209,0.126,358,58,10.6,13.6,11.6,0.8,75,1
2022.07.19 17:46:25,3.55,-58.6627579,-1.0819516,0.15,333,10.8,0.242,0.12,342,49,10.6,14.3,7.3,0.9,72,2
2022.07.19 18:08:16,3.54,-58.6601486,-1.0685772,0.154,330,7.2,0.272,0.163,337,55,10.6,13.4,4.1,0.9,69,2
2022.07.19 18:30:06,3.53,-58.6571312,-1.0563617,0.158,324,10.9,0.239,0.118,325,41,10.6,12.5,9.2,0.8,65,3
2022.07.19 18:51:57,3.54,-58.6538048,-1.0450402,0.159,292,12.0,0.263,0.141,313,62,2.9,17.4,7.1,0.8,61,4
2022.07.19 19:13:48,3.54,-58.6505928,-1.0344326,0.249,350,14.4,0.552,0.372,347,75,2.9,20.5,7.8,0.8,60,5
2022.07.19 19:35:39,3.54,-58.6469879,-1.0239819,0.13,354,11.9,0.473,0.229,353,45,13.4,13.5,9.8,0.8,57,5
2022.07.19 19:57:29,3.54,-58.6434097,-1.0150152,0.116,305,11.7,0.189,0.098,309,54,10.6,12.9,11.3,0.7,53,6
2022.07.19 20:19:20,3.54,-58.6399307,-1.0074583,0.14,321,11.6,0.231,0.119,319,42,10.6,12.5,11.2,0.6,49,7
2022.07.19 20:41:11,3.54,-58.6350403,-0.9989602,0.148,311,11.0,0.215,0.111,320,34,10.6,11.8,10.6,0.8,42,7
2022.07.19 21:03:02,3.54,-58.6304054,-0.9933877,0.146,336,12.6,0.225,0.122,336,55,9.6,14.9,11.8,0.7,32,8
2022.07.19 21:24:52,3.54,-58.625946,-0.9888604,0.181,110,13.5,0.292,0.161,338,60,2.9,16.7,12.4,0.6,28,8
2022.07.19 21:46:43,3.54,-58.6216431,-0.9847538,0.17,311,10.6,0.264,0.132,317,33,9.6,11.4,10.3,0.6,26,9
2022.07.19 22:08:34,3.54,-58.6177292,-0.9813101,0.122,327,11.1,0.177,0.089,334,42,10.6,12.2,10.7,0.5,25,9
2022.07.19 22:30:24,3.54,-58.6145782,-0.9779664,0.167,322,11.4,0.274,0.177,320,42,10.6,12.3,11.0,0.4,29,9
2022.07.19 22:52:15,3.54,-58.6119118,-0.9742649,0.211,340,13.2,0.317,0.214,329,66,11.8,15.3,12.3,0.4,36,10
2022.07.19 23:14:06,3.54,-58.6093178,-0.970841,0.18,328,10.8,0.272,0.145,325,43,9.6,11.6,10.5,0.4,35,10
2022.07.19 23:35:57,3.54,-58.6065331,-0.9673758,0.173,312,12.0,0.335,0.127,318,55,9.6,13.9,10.8,0.4,33,11
2022.07.19 23:57:47,3.54,-58.6040459,-0.9643099,0.183,106,15.0,0.505,0.345,334,68,2.9,18.5,13.0,0.4,33,11
2022.07.20 00:19:38,3.54,-58.6017532,-0.961422,0.175,329,11.3,0.237,0.122,324,39,11.8,12.1,11.0,0.3,33,11
2022.07.20 00:41:29,3.54,-58.599865,-0.9586853,0.145,317,10.4,0.259,0.136,319,39,9.6,11.0,10.1,0.3,37,11
2022.07.20 01:03:19,3.54,-58.5983925,-0.9564362,0.183,314,11.2,0.278,0.158,329,40,9.6,11.9,10.8,0.2,39,12
2022.07.20 01:25:10,3.54,-58.5970573,-0.9535733,0.165,316,11.1,0.29,0.154,323,44,9.6,12.0,10.7,0.2,48,12
2022.07.20 01:47:01,3.53,-58.5959816,-0.9502048,0.164,316,11.3,0.305,0.175,313,40,9.6,12.4,10.9,0.2,59,12
2022.07.20 02:08:52,3.54,-58.5948143,-0.9463091,0.195,326,10.9,0.308,0.156,322,37,10.6,11.5,10.7,0.3,60,12
2022.07.20 02:30:42,3.54,-58.5935059,-0.9414944,0.153,315,11.3,0.209,0.115,322,54,9.6,12.8,10.8,0.3,62,13
2022.07.20 02:52:33,3.53,-58.5923958,-0.9372794,0.179,327,11.3,0.28,0.157,332,35,9.6,12.2,11.0,0.3,63,13
2022.07.20 03:14:24,3.54,-58.5916939,-0.9334012,0.2,314,10.8,0.268,0.137,318,32,9.6,11.6,10.5,0.3,71,13
2022.07.20 03:36:14,3.53,-58.5909386,-0.9290809,0.16,333,11.3,0.3,0.16,337,40,9.6,12.2,11.0,0.3,71,13
2022.07.20 03:58:05,3.54,-58.5902214,-0.9249762,0.154,340,11.1,0.211,0.135,336,38,10.6,11.8,10.8,0.3,71,14
2022.07.20 04:19:56,3.54,-58.5896835,-0.9199715,0.16,315,11.7,0.249,0.143,325,39,9.6,12.7,11.3,0.3,78,14
2022.07.20 04:41:47,3.54,-58.5887299,-0.9145401,0.169,313,11.6,0.219,0.122,308,42,10.6,12.7,11.1,0.4,71,14
2022.07.20 05:03:37,3.54,-58.587944,-0.9095057,0.171,345,11.5,0.214,0.115,340,40,10.6,12.6,11.1,0.3,73,14
2022.07.20 05:25:28,3.54,-58.5872879,-0.9044316,0.159,313,12.1,0.261,0.151,319,44,9.6,13.3,11.5,0.3,76,15
2022.07.20 05:47:19,3.54,-58.5869064,-0.8989336,0.171,342,11.2,0.273,0.145,327,43,10.6,12.1,10.8,0.3,82,15
2022.07.20 06:09:10,3.54,-58.5863953,-0.8919887,0.17,335,11.4,0.269,0.133,330,40,9.6,12.3,11.0,0.4,82,15
2022.07.20 06:31:00,3.54,-58.5858688,-0.8845651,0.176,332,11.8,0.24,0.13,325,42,10.6,12.8,11.3,0.5,82,16
2022.07.20 06:52:51,3.53,-58.5849648,-0.8766879,0.178,305,11.6,0.245,0.134,312,38,10.6,12.6,11.1,0.5,78,16
2022.07.20 07:14:42,3.55,-58.5839729,-0.8704129,0.197,317,11.1,0.28,0.143,312,38,10.6,11.9,10.7,0.4,73,17
2022.07.20 07:36:32,3.55,-58.5816383,-0.8622624,0.171,322,11.4,0.235,0.135,306,38,10.6,12.5,11.0,0.6,61,17
2022.07.20 07:58:23,3.55,-58.5793343,-0.8562066,0.2,306,11.8,0.365,0.226,310,35,9.6,13.0,11.1,0.5,54,17
2022.07.20 08:20:14,3.55,-58.5768623,-0.8505701,0.152,288,12.4,0.231,0.124,303,41,18.2,13.8,11.6,0.5,50,18
2022.07.20 08:42:05,3.54,-58.574482,-0.8457871,0.156,291,13.5,0.244,0.117,313,48,18.2,14.9,12.6,0.4,46,18
2022.07.20 09:03:55,3.54,-58.5719795,-0.8410064,0.151,310,12.8,0.249,0.119,315,42,18.2,14.2,12.2,0.4,45,19
2022.07.20 09:25:46,3.54,-58.5694008,-0.8366706,0.16,332,13.1,0.286,0.144,328,48,9.6,14.5,12.5,0.4,41,19
2022.07.20 09:47:37,3.54,-58.5666542,-0.8330075,0.204,303,13.2,0.246,0.141,315,40,18.2,14.4,12.6,0.4,35,19
2022.07.20 10:09:27,3.53,-58.5640717,-0.8298341,0.19,334,12.4,0.297,0.184,320,44,9.6,13.8,11.8,0.4,33,20
2022.07.20 10:31:18,3.53,-58.5616493,-0.8270154,0.231,298,12.7,0.317,0.17,318,42,18.2,14.0,12.2,0.3,31,20
2022.07.20 10:53:09,3.54,-58.5591888,-0.8241795,0.173,332,12.3,0.263,0.14,321,51,9.6,13.9,11.7,0.3,31,20
2022.07.20 11:15:00,3.54,-58.5568848,-0.8208562,0.26,286,13.4,0.373,0.191,307,40,15.4,14.5,12.8,0.3,37,21
2022.07.20 11:36:50,3.54,-58.5548096,-0.8173087,0.255,291,12.6,0.369,0.238,314,44,15.4,13.9,12.0,0.3,42,21
2022.07.20 11:58:41,3.54,-58.552536,-0.8135741,0.264,288,12.0,0.43,0.238,309,43,15.4,13.1,11.6,0.4,41,21
2022.07.20 12:20:32,3.54,-58.5500984,-0.8105523,0.279,297,11.9,0.403,0.212,314,41,15.4,12.8,11.5,0.3,33,22
2022.07.20 12:42:22,3.53,-58.5478134,-0.8084297,0.337,283,13.8,0.474,0.233,299,37,18.2,15.1,13.1,0.3,26,22
2022.07.20 13:04:13,3.54,-58.5455742,-0.806526,0.303,284,13.0,0.544,0.288,307,41,18.2,14.2,12.4,0.3,24,22
2022.07.20 13:26:04,3.54,-58.5434799,-0.8045224,0.392,279,13.5,0.55,0.267,297,36,18.2,14.7,12.8,0.3,27,22
2022.07.20 13:47:55,3.54,-58.5410042,-0.8022639,0.377,287,13.5,0.505,0.301,300,38,15.4,14.5,13.0,0.3,25,23
2022.07.20 14:09:45,3.54,-58.5385361,-0.8004542,0.356,291,13.6,0.528,0.267,305,35,15.4,14.8,13.0,0.3,21,23
2022.07.20 14:31:36,3.54,-58.5358772,-0.7991503,0.363,295,13.7,0.506,0.231,301,34,15.4,14.7,13.1,0.3,14,23
2022.07.20 14:53:27,3.54,-58.5332222,-0.7988604,0.422,278,15.3,0.537,0.278,288,34,18.2,16.2,14.7,0.3,3,23
2022.07.20 15:15:18,3.54,-58.5307274,-0.7988781,0.389,293,14.1,0.773,0.364,299,34,15.4,15.1,13.5,0.3,360,23
2022.07.20 15:37:08,3.54,-58.5288239,-0.7989249,0.496,286,16.0,0.657,0.335,290,27,18.2,16.8,15.5,0.2,359,24
2022.07.20 15:58:59,3.54,-58.5274506,-0.7988729,0.472,289,15.0,0.723,0.314,294,32,18.2,15.8,14.4,0.2,1,24
2022.07.20 16:20:50,3.54,-58.5262527,-0.7985805,0.575,286,16.1,0.826,0.438,290,24,18.2,16.8,15.6,0.1,7,24
2022.07.20 16:42:40,3.53,-58.5254326,-0.7987243,0.525,283,14.9,0.677,0.346,296,32,18.2,15.9,14.3,0.1,355,24
2022.07.20 17:04:31,3.54,-58.5248756,-0.7987535,0.513,292,15.8,0.845,0.467,295,28,18.2,16.7,15.2,0.1,358,24
2022.07.20 17:26:22,3.54,-58.5247421,-0.798483,0.687,294,16.3,0.865,0.507,295,23,18.2,16.9,15.9,0.0,47,24
2022.07.20 17:48:13,3.54,-58.5250931,-0.7979792,0.826,289,16.6,0.923,0.497,291,21,18.2,17.2,16.2,0.1,143,24
2022.07.20 18:10:03,3.54,-58.5255051,-0.7972539,0.622,278,15.8,0.783,0.445,285,27,18.2,16.5,15.3,0.1,137,24
2022.07.20 18:31:54,3.54,-58.5259399,-0.7967501,0.593,283,15.3,1.025,0.506,290,29,18.2,16.1,14.8,0.1,149,24
2022.07.20 18:53:45,3.53,-58.5264816,-0.7961426,0.802,277,15.2,1.011,0.529,284,27,15.4,15.6,14.9,0.1,150,24
2022.07.20 19:15:35,3.54,-58.5272179,-0.7952983,0.825,285,15.5,1.068,0.553,291,24,15.4,15.9,15.1,0.1,149,24
2022.07.20 19:37:26,3.53,-58.5278664,-0.7941308,0.767,289,16.1,1.152,0.588,290,25,18.2,16.7,15.7,0.1,137,24
2022.07.20 19:59:17,3.53,-58.5284462,-0.7925731,1.029,283,15.8,1.365,0.646,285,20,15.4,16.2,15.6,0.1,125,24
2022.07.20 20:21:08,3.53,-58.5290108,-0.7903844,1.124,287,16.3,1.766,0.858,293,17,18.2,16.7,16.1,0.2,116,24
2022.07.20 20:42:58,3.53,-58.5297203,-0.7880641,0.952,296,16.0,1.147,0.639,291,20,18.2,16.3,15.8,0.2,120,24
2022.07.20 21:04:49,3.54,-58.5303993,-0.7856499,1.11,287,15.5,1.859,0.884,291,18,15.4,15.8,15.3,0.2,118,24
2022.07.20 21:26:40,3.54,-58.53125,-0.783224,1.019,295,15.6,1.99,0.937,297,16,18.2,16.0,15.3,0.2,124,24
2022.07.20 21:48:30,3.54,-58.5323067,-0.7805483,1.071,293,15.1,1.45,0.755,295,20,15.4,15.4,14.8,0.2,127,24
2022.07.20 22:10:21,3.54,-58.5330238,-0.7782092,1.125,301,15.4,1.728,0.995,302,19,15.4,15.7,15.2,0.2,120,24
2022.07.20 22:32:12,3.53,-58.5335884,-0.7757705,1.104,302,16.1,1.357,0.757,305,21,18.2,16.6,15.8,0.2,114,24
2022.07.20 22:54:03,3.54,-58.534008,-0.7731539,1.24,295,15.0,1.516,0.784,299,19,15.4,15.4,14.8,0.2,107,24
2022.07.20 23:15:53,3.54,-58.5342407,-0.7707113,1.297,304,15.2,1.834,0.945,306,21,15.4,15.5,15.0,0.2,100,24
2022.07.20 23:37:44,3.54,-58.5343056,-0.7681105,1.285,302,15.2,1.444,0.83,301,20,15.4,15.5,15.0,0.2,93,25
2022.07.20 23:59:35,3.54,-58.5342026,-0.7653359,1.521,295,15.9,1.969,1.011,298,18,15.4,16.2,15.7,0.2,86,25
2022.07.21 00:21:26,3.54,-58.5339012,-0.7626183,1.277,301,15.4,1.647,0.89,301,21,15.4,15.7,15.1,0.2,78,25
2022.07.21 00:43:16,3.54,-58.5334702,-0.7603242,1.281,297,14.9,1.761,0.95,298,21,15.4,15.3,14.7,0.2,70,25
2022.07.21 01:05:07,3.54,-58.5328636,-0.7582929,1.51,290,15.3,2.109,1.088,294,22,15.4,15.6,15.1,0.1,60,25
2022.07.21 01:26:58,3.54,-58.5320206,-0.7568931,1.477,299,15.5,1.986,1.043,298,16,15.4,15.8,15.3,0.1,41,25
2022.07.21 01:48:48,3.54,-58.5309258,-0.7565382,1.574,297,15.3,2.376,1.178,297,17,15.4,15.6,15.2,0.1,10,25
2022.07.21 02:10:39,3.53,-58.5298386,-0.7567505,1.415,296,15.0,2.17,1.121,297,22,15.4,15.3,14.9,0.1,354,25
2022.07.21 02:32:30,3.53,-58.5290756,-0.7568257,1.61,289,15.1,1.919,0.977,291,20,15.4,15.3,15.0,0.1,357,25
2022.07.21 02:54:21,3.54,-58.5285301,-0.7565925,1.545,290,15.0,2.317,1.238,291,17,15.4,15.3,14.9,0.1,13,25
2022.07.21 03:16:11,3.54,-58.5280075,-0.7566218,1.11,283,14.6,2.057,1.032,287,24,15.4,15.0,14.3,0.1,358,26
2022.07.21 03:38:02,3.54,-58.5278473,-0.7564112,1.696,293,15.1,2.635,1.296,292,17,15.4,15.5,14.9,0.0,35,26
2022.07.21 03:59:53,3.54,-58.5277443,-0.7566222,2.127,284,14.7,2.698,1.319,285,17,15.4,14.9,14.6,0.0,313,26
2022.07.21 04:21:43,3.53,-58.5279732,-0.757156,1.692,268,14.6,2.898,1.456,272,20,15.4,14.9,14.4,0.0,231,25
2022.07.21 04:43:34,3.54,-58.5280075,-0.759136,1.196,275,14.0,2.738,1.453,280,23,15.4,14.3,13.8,0.1,268,25
2022.07.21 05:05:25,3.53,-58.5282898,-0.7610657,1.477,276,14.4,2.339,1.262,276,21,15.4,14.7,14.2,0.1,254,25
2022.07.21 05:27:16,3.54,-58.5287666,-0.7636749,1.601,274,14.1,2.293,1.131,276,24,15.4,14.5,13.8,0.2,251,25
2022.07.21 05:49:06,3.53,-58.5296249,-0.766649,1.797,299,14.2,2.581,1.399,302,22,15.4,14.5,14.1,0.2,241,25
2022.07.21 06:10:57,3.54,-58.5308876,-0.7688253,2.275,307,14.6,3.084,1.644,311,15,15.4,14.8,14.4,0.2,222,25
2022.07.21 06:32:48,3.54,-58.532341,-0.7706087,2.144,306,14.8,2.625,1.37,307,18,15.4,15.0,14.6,0.2,213,25
2022.07.21 06:54:38,3.54,-58.5344048,-0.7716297,1.561,312,14.3,3.052,1.537,314,19,15.4,14.6,14.0,0.3,195,24
2022.07.21 07:16:29,3.54,-58.5365105,-0.7721659,1.458,309,13.9,2.292,1.069,312,22,15.4,14.3,13.7,0.3,188,24
2022.07.21 07:38:20,3.53,-58.5384254,-0.7727763,1.825,315,13.9,2.593,1.388,315,19,15.4,14.2,13.7,0.2,189,24
2022.07.21 08:00:11,3.54,-58.5405769,-0.7733047,2.026,311,14.5,2.402,1.322,313,19,15.4,14.8,14.4,0.3,187,24
2022.07.21 08:22:01,3.54,-58.5427513,-0.7735791,2.098,317,14.2,2.716,1.397,318,17,15.4,14.5,14.0,0.3,184,24
2022.07.21 08:43:52,3.54,-58.5448074,-0.773199,1.994,315,14.5,3.135,1.49,316,18,15.4,14.8,14.3,0.2,174,24
2022.07.21 09:05:43,3.54,-58.5468483,-0.7728002,1.856,308,13.9,2.593,1.409,313,20,15.4,14.2,13.7,0.2,174,24
2022.07.21 09:27:34,3.54,-58.5490303,-0.7728164,1.602,307,13.7,2.68,1.344,315,22,15.4,14.0,13.5,0.3,180,23
2022.07.21 09:49:24,3.54,-58.5512009,-0.7725129,1.936,303,14.2,2.248,1.134,303,17,15.4,14.4,14.0,0.3,176,23
2022.07.21 10:11:15,3.54,-58.5531769,-0.77165,1.624,292,13.8,2.363,1.155,298,21,15.4,14.1,13.6,0.2,167,23
2022.07.21 10:33:06,3.54,-58.555275,-0.7704003,1.943,300,13.8,3.111,1.691,307,19,15.4,14.1,13.6,0.3,163,23
2022.07.21 10:54:56,3.54,-58.5576324,-0.7685752,1.598,317,13.7,2.433,1.35,320,22,15.4,14.1,13.5,0.3,158,23
2022.07.21 11:16:47,3.54,-58.5597687,-0.7665726,1.59,311,13.7,2.451,1.287,312,21,15.4,14.1,13.5,0.3,154,23
2022.07.21 11:38:38,3.53,-58.5620689,-0.7647935,1.764,309,13.9,2.91,1.505,310,20,15.4,14.2,13.7,0.3,158,23
2022.07.21 12:00:29,3.54,-58.5647507,-0.7635639,1.867,293,13.7,2.591,1.351,299,20,15.4,14.0,13.6,0.3,167,23
2022.07.21 12:22:19,3.54,-58.5675392,-0.7620071,2.012,311,13.9,2.653,1.308,318,18,15.4,14.1,13.8,0.3,164,23
2022.07.21 12:44:10,3.54,-58.5703621,-0.7587171,1.565,321,13.5,2.438,1.22,320,24,15.4,13.9,13.4,0.4,149,23
2022.07.21 13:06:01,3.54,-58.5730362,-0.7545109,1.636,317,13.6,2.336,1.168,318,22,15.4,13.9,13.5,0.4,141,23
2022.07.21 13:27:51,3.53,-58.5757523,-0.7494868,1.371,327,13.0,1.994,1.062,323,30,11.8,13.4,12.8,0.5,136,23
2022.07.21 13:49:42,3.52,-58.5784721,-0.7441141,1.607,268,13.8,2.537,1.239,274,23,15.4,14.1,13.6,0.5,134,23
2022.07.21 14:11:33,3.54,-58.5808563,-0.7391149,1.779,272,14.2,3.282,1.589,278,22,15.4,14.5,13.9,0.4,132,23
2022.07.21 14:33:24,3.54,-58.5829239,-0.7348454,1.434,298,13.5,2.063,1.032,304,27,13.4,13.9,13.3,0.4,133,24
2022.07.21 14:55:14,3.54,-58.5846863,-0.7313372,1.663,313,12.9,2.223,1.174,325,21,15.4,13.2,12.7,0.3,134,24
2022.07.21 15:17:05,3.54,-58.5866547,-0.7275494,1.794,303,13.2,3.055,1.484,311,23,15.4,13.5,13.1,0.3,135,24
2022.07.21 15:38:56,3.54,-58.5886841,-0.7239383,1.847,317,12.9,2.666,1.468,320,25,13.4,13.2,12.7,0.3,137,24
2022.07.21 16:00:46,3.54,-58.590744,-0.7205583,1.58,323,12.2,2.411,1.211,323,28,10.6,12.6,12.1,0.3,139,24
2022.07.21 16:22:37,3.54,-58.5929871,-0.7171426,1.726,334,12.9,2.771,1.537,317,28,11.8,13.2,12.7,0.3,142,24
2022.07.21 16:44:28,3.53,-58.5953484,-0.7131627,1.619,305,13.1,2.567,1.366,311,24,13.4,13.5,13.0,0.4,139,24
2022.07.21 17:06:19,3.54,-58.5975494,-0.7090652,1.482,319,12.5,2.887,1.51,302,31,11.8,12.9,12.3,0.4,136,24
2022.07.21 17:28:09,3.54,-58.5997696,-0.7042546,2.007,317,12.5,2.664,1.401,329,21,15.4,12.9,12.3,0.4,131,24
2022.07.21 17:50:00,3.54,-58.6020737,-0.6992401,2.063,304,12.8,3.092,1.564,323,23,15.4,13.1,12.7,0.4,131,25
2022.07.21 18:11:51,3.54,-58.604538,-0.694443,1.661,336,12.6,3.199,1.626,324,24,11.8,12.9,12.4,0.4,135,25
2022.07.21 18:33:42,3.54,-58.6065788,-0.6903314,1.809,310,13.1,2.352,1.289,319,24,15.4,13.5,12.9,0.4,134,25
2022.07.21 18:55:32,3.54,-58.6088257,-0.6858184,1.755,300,12.7,2.725,1.361,322,27,15.4,13.0,12.5,0.4,134,25
2022.07.21 19:17:23,3.54,-58.6111488,-0.6814634,1.787,311,12.6,2.866,1.508,321,24,15.4,12.9,12.4,0.4,136,25
2022.07.21 19:39:14,3.54,-58.6135178,-0.6772755,1.891,340,12.5,3.358,1.761,329,26,11.8,12.8,12.3,0.4,137,26
2022.07.21 20:01:04,3.54,-58.6161613,-0.6726988,2.096,305,12.6,3.503,1.817,317,22,15.4,13.0,12.4,0.4,138,26
2022.07.21 20:22:55,3.54,-58.618866,-0.6683824,2.09,297,12.6,2.832,1.366,315,26,15.4,13.0,12.4,0.4,140,26
2022.07.21 20:44:46,3.54,-58.6217613,-0.6642192,1.985,303,12.8,2.452,1.341,318,28,15.4,13.3,12.6,0.4,143,26
2022.07.21 21:06:37,3.54,-58.6243629,-0.6600718,1.608,337,11.9,2.776,1.347,316,30,10.6,12.3,11.8,0.4,140,26
2022.07.21 21:28:27,3.54,-58.6271248,-0.6557205,1.765,325,12.2,2.737,1.478,319,28,11.8,12.5,12.1,0.4,141,27
2022.07.21 21:50:18,3.54,-58.6296082,-0.6515548,1.729,300,12.4,3.913,1.975,317,29,13.4,12.8,12.2,0.4,139,27
2022.07.21 22:12:09,3.54,-58.6326218,-0.6468118,2.15,325,11.9,3.649,1.813,307,27,10.6,12.3,11.7,0.5,141,27
2022.07.21 22:33:59,3.54,-58.6351814,-0.6425643,1.559,305,12.1,3.384,1.862,317,32,13.4,12.5,11.8,0.4,139,27
2022.07.21 22:55:50,3.54,-58.637989,-0.6374642,1.795,334,12.1,2.796,1.454,323,28,11.8,12.5,11.9,0.5,137,27
2022.07.21 23:17:41,3.54,-58.6403961,-0.63211,2.028,308,11.8,2.541,1.226,296,28,11.8,12.1,11.6,0.4,131,28
2022.07.21 23:39:32,3.54,-58.6430511,-0.6268671,1.761,269,12.4,2.934,1.464,288,30,15.4,12.9,12.2,0.5,134,28
2022.07.22 00:01:22,3.54,-58.6458511,-0.6212895,1.884,327,12.1,3.768,1.798,315,27,10.6,12.4,11.9,0.5,134,28
2022.07.22 00:23:13,3.54,-58.6485748,-0.6157814,1.749,300,12.2,3.324,1.818,313,30,15.4,12.7,11.9,0.5,133,29
2022.07.22 00:45:04,3.54,-58.6518517,-0.6094448,1.636,290,12.5,3.286,1.676,301,28,15.4,12.9,12.2,0.6,135,29
2022.07.22 01:06:54,3.55,-58.6557388,-0.6014294,1.982,286,12.5,2.749,1.512,300,27,15.4,12.9,12.2,0.7,133,29
2022.07.22 01:28:45,3.55,-58.6586227,-0.5938524,2.019,302,12.1,2.316,1.386,314,27,13.4,12.4,12.0,0.6,126,30
2022.07.22 01:50:36,3.55,-58.6613998,-0.5852167,1.929,297,12.3,2.965,1.693,310,25,15.4,12.7,12.0,0.6,122,30
2022.07.22 02:12:27,3.54,-58.6639862,-0.5777633,1.926,284,12.8,2.644,1.423,291,23,15.4,13.3,12.5,0.6,124,31
2022.07.22 02:34:17,3.54,-58.6666183,-0.5703801,1.722,331,11.9,2.197,1.169,321,31,11.8,12.5,11.7,0.6,124,31
2022.07.22 02:56:08,3.55,-58.6693039,-0.562778,1.949,287,12.3,2.735,1.512,309,29,15.4,12.7,12.0,0.6,124,31
2022.07.22 03:17:59,3.54,-58.6716423,-0.5550464,1.952,326,11.8,3.086,1.55,316,27,10.6,12.3,11.5,0.6,120,32
2022.07.22 03:39:50,3.54,-58.673912,-0.5474756,1.706,286,12.3,2.487,1.299,297,28,15.4,12.9,12.0,0.5,120,32
2022.07.22 04:01:40,3.54,-58.6763191,-0.5396617,1.64,324,12.0,2.184,1.217,304,29,11.8,12.5,11.7,0.6,121,33
2022.07.22 04:23:31,3.54,-58.6783028,-0.5315073,1.769,284,12.3,2.801,1.652,301,27,15.4,12.8,12.0,0.6,115,33
2022.07.22 04:45:22,3.55,-58.6805954,-0.5219047,1.705,307,12.0,2.318,1.242,301,29,11.8,12.4,11.7,0.7,115,34
2022.07.22 05:07:12,3.55,-58.6827507,-0.5139382,1.974,287,12.7,2.826,1.559,293,29,13.4,13.2,12.4,0.6,117,34
2022.07.22 05:29:03,3.55,-58.6849098,-0.5052366,1.766,293,12.4,3.342,1.71,311,27,15.4,12.9,12.1,0.6,115,35
2022.07.22 05:50:54,3.54,-58.6870155,-0.4971028,1.574,321,11.6,2.303,1.34,320,28,11.8,12.0,11.4,0.6,116,35
2022.07.22 06:12:45,3.54,-58.6887093,-0.4890222,2.013,314,11.8,2.653,1.517,308,25,11.8,12.2,11.6,0.5,112,36
2022.07.22 06:34:35,3.54,-58.690136,-0.481318,2.0,323,11.9,2.618,1.539,312,25,11.8,12.3,11.7,0.5,110,36
2022.07.22 06:56:26,3.54,-58.6914291,-0.474398,1.661,317,12.0,2.721,1.26,301,29,10.6,12.4,11.7,0.5,110,37
2022.07.22 07:18:17,3.55,-58.6930351,-0.4683518,1.825,336,11.6,2.546,1.334,322,27,10.6,12.0,11.4,0.4,117,37
2022.07.22 07:40:07,3.56,-58.694828,-0.4621092,1.522,332,11.8,2.249,1.172,317,30,10.6,12.3,11.5,0.4,119,37
2022.07.22 08:01:58,3.55,-58.6974449,-0.4545431,1.673,306,11.4,2.228,1.25,306,25,11.8,11.7,11.2,0.6,124,38
2022.07.22 08:23:49,3.55,-58.6998672,-0.4489,1.698,317,11.2,2.043,1.132,311,27,11.8,11.6,11.0,0.5,130,38
2022.07.22 08:45:40,3.54,-58.7025299,-0.4435146,1.656,284,11.5,2.72,1.508,296,26,13.4,11.9,11.3,0.5,134,39
2022.07.22 09:07:30,3.54,-58.7053108,-0.4380987,1.808,297,12.3,2.489,1.174,307,26,13.4,12.9,12.0,0.5,135,39
2022.07.22 09:29:21,3.54,-58.7079926,-0.43309,1.488,308,12.2,1.963,0.913,314,27,15.4,12.7,11.8,0.4,136,39
2022.07.22 09:51:12,3.54,-58.7106285,-0.4280259,1.895,288,11.6,2.641,1.339,300,25,13.4,12.0,11.4,0.4,135,40
2022.07.22 10:13:02,3.54,-58.7135506,-0.4226783,1.704,334,11.3,2.555,1.302,321,27,10.6,11.7,11.1,0.5,136,40
2022.07.22 10:34:53,3.54,-58.7168121,-0.4175925,1.615,301,12.0,2.926,1.537,315,28,13.4,12.5,11.8,0.5,141,40
2022.07.22 10:56:44,3.54,-58.7205124,-0.4128382,1.879,308,11.9,3.019,1.671,306,26,11.8,12.2,11.7,0.5,146,41
2022.07.22 11:18:35,3.54,-58.7247353,-0.4085908,1.719,321,11.7,2.76,1.549,320,28,11.8,12.2,11.4,0.6,152,41
2022.07.22 11:40:25,3.54,-58.7289848,-0.4038787,1.654,300,11.8,2.527,1.208,309,27,13.4,12.3,11.5,0.6,150,41
2022.07.22 12:02:16,3.54,-58.7330704,-0.3991585,1.602,298,11.6,2.783,1.585,315,29,13.4,12.2,11.2,0.6,149,42
2022.07.22 12:24:07,3.54,-58.7377548,-0.3941773,1.535,287,11.3,2.671,1.452,303,32,13.4,12.0,10.9,0.6,151,42
2022.07.22 12:45:58,3.54,-58.7428474,-0.3894401,1.686,289,11.1,2.505,1.425,307,28,13.4,11.8,10.7,0.7,154,42
2022.07.22 13:07:48,3.54,-58.7483978,-0.3850232,1.633,311,11.1,2.628,1.429,325,23,13.4,11.6,10.8,0.7,158,43
2022.07.22 13:29:39,3.54,-58.7546501,-0.3804498,1.561,333,10.6,2.284,1.355,324,28,10.6,11.2,10.2,0.8,159,43
2022.07.22 13:51:30,3.54,-58.7614326,-0.3751983,1.499,291,10.1,2.179,1.067,315,30,13.4,11.0,9.8,0.9,158,44
2022.07.22 14:13:20,3.54,-58.7683907,-0.3696361,1.655,337,10.6,1.998,1.218,317,33,9.6,11.5,10.2,0.9,157,44
2022.07.22 14:35:11,3.54,-58.7757378,-0.3634958,1.594,311,10.1,2.924,1.521,327,26,15.4,10.9,9.7,1.0,157,45
2022.07.22 14:57:02,3.54,-58.7834053,-0.3563652,1.928,320,10.3,2.776,1.66,329,24,15.4,11.1,9.8,1.0,154,45
2022.07.22 15:18:53,3.54,-58.7909393,-0.3472156,2.009,313,10.4,3.086,1.766,324,28,13.4,11.3,10.0,1.1,148,46
2022.07.22 15:40:43,3.54,-58.7986565,-0.3362236,1.884,343,9.6,2.587,1.428,327,29,9.6,10.2,9.3,1.2,144,47
2022.07.22 16:02:34,3.54,-58.8053894,-0.3243063,2.112,350,9.1,3.051,1.727,334,28,7.4,9.6,8.9,1.1,137,48
2022.07.22 16:24:25,3.54,-58.8111687,-0.3110567,2.636,339,8.5,3.94,1.912,334,23,8.0,9.0,8.3,1.1,130,49
2022.07.22 16:46:15,3.54,-58.8160248,-0.2972467,2.774,336,8.7,4.515,2.723,326,27,8.0,9.2,8.5,1.0,124,50
2022.07.22 17:08:06,3.54,-58.8197136,-0.2831278,3.019,349,8.8,5.051,2.358,336,27,8.0,9.3,8.5,1.0,117,51
2022.07.22 17:29:57,3.54,-58.8228607,-0.2685455,2.711,348,8.6,3.911,2.167,336,29,8.7,9.1,8.4,1.0,113,51
2022.07.22 17:51:48,3.54,-58.8251343,-0.2541899,2.991,325,8.9,4.077,2.399,316,28,8.7,9.4,8.7,0.9,107,52
2022.07.22 18:13:38,3.54,-58.8267822,-0.2405565,3.167,345,8.9,4.589,2.542,329,30,8.7,9.5,8.7,0.9,103,53
2022.07.22 18:35:29,3.54,-58.8278542,-0.2271393,3.022,326,8.8,4.676,2.38,323,28,8.7,9.2,8.5,0.8,99,54
2022.07.22 18:57:20,3.54,-58.8285103,-0.2128868,2.98,339,9.1,4.608,2.373,333,32,9.6,9.6,8.9,0.9,95,55
2022.07.22 19:19:10,3.54,-58.8285065,-0.2009849,3.186,333,8.9,4.322,2.421,321,26,8.7,9.4,8.6,0.7,90,55
2022.07.22 19:41:01,3.54,-58.8275909,-0.1892187,3.217,338,9.0,5.381,2.926,325,31,8.7,9.5,8.8,0.7,81,56
2022.07.22 20:02:52,3.54,-58.8263092,-0.1781777,2.954,340,8.9,5.214,2.492,329,34,8.7,9.4,8.6,0.7,77,56
2022.07.22 20:24:43,3.54,-58.8252792,-0.1685047,3.026,337,8.9,5.342,3.045,321,33,8.0,9.3,8.6,0.6,78,57
2022.07.22 20:46:33,3.54,-58.8246346,-0.1590961,3.13,325,9.1,4.592,2.542,333,32,10.6,9.6,8.9,0.6,82,57
2022.07.22 21:08:24,3.54,-58.8242493,-0.1503653,3.11,348,9.2,4.67,2.696,329,33,9.6,9.6,9.0,0.5,85,58
2022.07.22 21:30:15,3.54,-58.8235474,-0.1417872,2.934,336,9.2,4.282,2.295,323,31,8.7,9.6,8.9,0.5,81,58
2022.07.22 21:52:06,3.54,-58.8224449,-0.1326353,2.699,304,9.3,4.786,2.519,322,35,10.6,9.8,9.0,0.6,77,59
2022.07.22 22:13:56,3.54,-58.8212242,-0.1253272,2.947,344,8.8,5.041,2.807,337,32,8.7,9.2,8.6,0.5,72,59
2022.07.22 22:35:47,3.55,-58.8200569,-0.1190004,3.264,340,9.1,5.396,2.657,330,33,9.6,9.6,8.9,0.4,70,60
2022.07.22 22:57:38,3.56,-58.8196526,-0.1141276,3.128,321,9.4,4.401,2.23,322,37,9.6,9.8,9.1,0.3,81,60
2022.07.22 23:19:28,3.54,-58.8200073,-0.1093846,3.074,338,9.1,4.648,2.352,324,31,8.7,9.4,8.9,0.3,98,60
2022.07.22 23:41:19,3.54,-58.8213005,-0.1037249,3.082,326,9.2,4.938,2.803,319,32,9.6,9.6,9.0,0.4,114,60
2022.07.23 00:03:10,3.54,-58.8226128,-0.0979814,3.293,359,9.4,4.259,2.51,345,32,8.7,9.7,9.2,0.4,114,61
2022.07.23 00:25:01,3.53,-58.8242607,-0.0925053,2.867,339,9.5,4.35,2.494,332,35,9.6,10.0,9.3,0.4,120,61
2022.07.23 00:46:51,3.54,-58.8259315,-0.0869257,2.429,314,9.4,4.619,2.351,321,37,9.6,9.9,9.1,0.4,120,61
2022.07.23 01:08:42,3.53,-58.8276863,-0.0809364,2.777,330,9.2,4.638,2.358,324,35,9.6,9.5,8.9,0.4,119,62
2022.07.23 01:30:33,3.55,-58.8297997,-0.0748211,3.217,329,9.2,5.893,3.416,333,32,9.6,9.6,9.0,0.5,124,62
2022.07.23 01:52:23,3.55,-58.8319359,-0.0685966,3.149,306,9.4,4.384,2.382,316,29,10.6,9.7,9.2,0.5,124,63
2022.07.23 02:14:14,3.55,-58.8341637,-0.0617581,2.63,332,8.9,4.261,2.27,316,32,8.7,9.2,8.7,0.5,122,63
2022.07.23 02:36:05,3.54,-58.836792,-0.0536062,2.811,307,9.2,3.807,2.181,324,34,10.6,9.7,9.0,0.6,122,64
2022.07.23 02:57:56,3.54,-58.8393326,-0.0452007,2.646,325,9.3,5.589,2.855,334,33,10.6,9.8,9.0,0.6,120,64
2022.07.23 03:19:46,3.54,-58.8414574,-0.0373546,3.034,317,9.2,4.96,2.493,321,30,10.6,9.7,9.0,0.6,118,65
2022.07.23 03:41:37,3.54,-58.8438797,-0.0302538,2.97,334,9.0,4.423,2.58,325,31,9.6,9.5,8.8,0.5,123,65
2022.07.23 04:03:28,3.54,-58.8464622,-0.0223665,2.938,304,9.4,4.59,2.615,316,34,9.6,9.9,9.1,0.6,122,66
2022.07.23 04:25:18,3.54,-58.8492432,-0.0147517,3.104,318,9.2,4.863,3.049,318,32,9.6,9.8,9.0,0.6,125,66
2022.07.23 04:47:09,3.54,-58.8523598,-0.0065486,2.603,329,8.8,4.774,2.704,329,30,9.6,9.3,8.6,0.6,126,67
2022.07.23 05:09:00,3.54,-58.8556366,0.002287,2.978,324,9.1,4.616,2.561,322,30,9.6,9.5,8.9,0.7,126,67
2022.07.23 05:30:51,3.54,-58.8584328,0.0119188,2.864,322,8.6,4.515,2.327,316,30,8.7,9.2,8.4,0.7,119,68
2022.07.23 05:52:41,3.54,-58.8608398,0.0220954,3.18,320,9.1,5.55,2.681,316,31,9.6,9.6,8.9,0.7,115,69
2022.07.23 06:14:32,3.54,-58.8626289,0.0322754,3.038,320,8.8,4.491,2.602,318,31,9.6,9.4,8.5,0.7,109,69
2022.07.23 06:36:23,3.54,-58.8639984,0.0422183,3.087,336,8.8,4.728,2.344,329,29,9.6,9.4,8.5,0.6,105,70
2022.07.23 06:58:14,3.55,-58.8652344,0.0516181,2.988,332,8.8,4.69,2.326,316,35,9.6,9.6,8.5,0.6,104,70
2022.07.23 07:20:04,3.56,-58.8666496,0.060779,2.984,300,8.8,5.096,2.508,313,33,10.6,9.4,8.5,0.6,107,71
2022.07.23 07:41:55,3.56,-58.868679,0.0725325,3.046,327,8.8,4.08,2.24,318,32,9.6,9.4,8.5,0.8,108,72
2022.07.23 08:03:46,3.56,-58.8703804,0.0824334,3.202,337,8.7,4.327,2.684,328,33,9.6,9.3,8.5,0.6,108,72
2022.07.23 08:25:36,3.54,-58.8720322,0.0927244,3.659,311,9.1,5.911,2.875,325,31,10.6,9.6,8.8,0.7,107,73
2022.07.23 08:47:27,3.54,-58.8732033,0.1021843,3.125,337,8.6,4.163,2.465,320,32,9.6,9.3,8.3,0.6,103,73
2022.07.23 09:09:18,3.54,-58.8743629,0.1121083,2.891,314,8.9,4.945,2.646,311,34,9.6,9.6,8.5,0.6,103,74
2022.07.23 09:31:09,3.54,-58.8754158,0.1213346,3.682,338,8.8,5.889,2.727,323,30,9.6,9.4,8.5,0.6,102,75
2022.07.23 09:52:59,3.54,-58.8760643,0.1314434,3.146,296,8.7,4.837,2.583,309,36,11.8,9.5,8.3,0.6,97,75
2022.07.23 10:14:50,3.54,-58.8767166,0.141069,2.975,287,8.5,4.789,2.916,307,35,11.8,9.4,8.1,0.6,97,76
2022.07.23 10:36:41,3.54,-58.8777008,0.1507879,3.557,317,8.8,5.694,2.85,319,33,10.6,9.5,8.4,0.6,101,76
2022.07.23 10:58:31,3.54,-58.8790016,0.1612562,3.26,300,8.9,4.554,2.414,301,32,10.6,9.6,8.5,0.7,103,77
2022.07.23 11:20:22,3.54,-58.8801994,0.170333,3.415,304,8.8,5.761,2.765,306,31,10.6,9.4,8.5,0.6,104,77
2022.07.23 11:42:13,3.54,-58.8814468,0.179001,3.337,294,8.8,4.577,2.61,304,34,11.8,9.6,8.3,0.6,106,78
2022.07.23 12:04:04,3.55,-58.882515,0.1871444,3.506,311,8.8,6.717,3.388,307,31,10.6,9.6,8.4,0.5,104,78
2022.07.23 12:25:54,3.55,-58.8837166,0.1959498,3.613,309,8.8,5.745,3.298,303,35,10.6,9.6,8.4,0.6,105,79
2022.07.23 12:47:45,3.54,-58.8846893,0.2041018,3.66,319,8.7,5.947,3.395,322,31,10.6,9.3,8.3,0.5,103,79
2022.07.23 13:09:36,3.54,-58.8853569,0.2121903,3.909,322,8.9,5.043,2.802,305,31,8.7,9.5,8.5,0.5,99,80
2022.07.23 13:31:26,3.54,-58.8859444,0.2196033,3.811,318,9.0,5.588,2.868,309,32,9.6,9.7,8.6,0.5,99,80
2022.07.23 13:53:17,3.53,-58.8867264,0.2263771,3.502,310,9.1,6.043,3.517,321,34,11.8,9.8,8.7,0.4,103,81
2022.07.23 14:15:08,3.53,-58.8879433,0.2325012,3.578,289,9.1,5.806,3.103,303,32,11.8,9.8,8.6,0.4,111,81
2022.07.23 14:36:59,3.55,-58.889492,0.2388253,3.991,301,9.4,5.171,3.043,306,30,11.8,10.2,9.0,0.4,115,81
2022.07.23 14:58:49,3.54,-58.891346,0.2442887,3.743,279,9.6,5.973,3.786,295,28,11.8,10.3,9.2,0.4,123,82
2022.07.23 15:20:40,3.54,-58.8934402,0.2502378,3.764,304,9.7,5.295,2.752,311,28,11.8,10.5,9.3,0.4,124,82
2022.07.23 15:42:31,3.54,-58.8960075,0.2555248,3.85,308,9.3,5.493,3.052,319,33,11.8,10.1,8.9,0.5,133,83
2022.07.23 16:04:22,3.54,-58.8985481,0.2599674,3.669,322,9.3,4.934,2.875,318,33,10.6,10.0,8.9,0.4,138,83
2022.07.23 16:26:12,3.54,-58.9012985,0.2641445,3.704,304,9.7,5.89,3.355,298,34,10.6,10.4,9.2,0.4,142,83
2022.07.23 16:48:03,3.54,-58.904583,0.2689727,3.667,334,9.2,5.874,3.54,325,32,10.6,9.8,8.8,0.5,143,84
2022.07.23 17:09:54,3.55,-58.9078789,0.2730789,3.664,314,9.4,6.033,3.542,310,30,10.6,10.0,9.0,0.5,147,84
2022.07.23 17:31:44,3.55,-58.9122314,0.2781947,3.739,310,9.7,5.144,3.242,304,31,10.6,10.5,9.3,0.6,149,84
2022.07.23 17:53:35,3.54,-58.9159164,0.2824295,3.846,299,9.5,5.452,3.029,310,34,10.6,10.1,9.1,0.5,149,85
2022.07.23 18:15:26,3.54,-58.9200592,0.2870493,4.225,313,10.3,5.722,3.027,315,26,11.8,11.0,9.9,0.6,150,85
2022.07.23 18:37:17,3.54,-58.9242058,0.2916373,3.803,300,9.5,5.288,3.214,313,30,13.4,10.2,9.2,0.6,150,86
2022.07.23 18:59:07,3.55,-58.9281158,0.2956877,3.585,320,9.5,5.146,2.721,328,32,11.8,10.3,9.1,0.5,152,86
2022.07.23 19:20:58,3.55,-58.9328384,0.3002864,3.621,287,9.4,5.622,3.014,302,30,13.4,10.2,9.0,0.6,153,86
2022.07.23 19:42:49,3.54,-58.9379387,0.3045547,3.726,308,9.6,6.128,3.351,319,29,13.4,10.4,9.2,0.7,157,87
2022.07.23 20:04:39,3.54,-58.9430656,0.3093021,3.567,313,9.4,5.502,2.908,323,29,11.8,10.1,9.0,0.7,154,87
2022.07.23 20:26:30,3.54,-58.9487152,0.3142488,3.575,300,9.9,4.937,3.544,311,32,11.8,10.6,9.4,0.7,156,88
2022.07.23 20:48:21,3.54,-58.9540596,0.3196643,4.262,313,9.8,5.518,3.496,318,29,10.6,10.5,9.3,0.7,152,88
2022.07.23 21:10:12,3.54,-58.9587784,0.3241437,4.024,304,9.8,5.41,3.233,317,31,11.8,10.5,9.3,0.6,154,89
2022.07.23 21:32:02,3.54,-58.9635887,0.3280969,4.37,297,9.9,7.007,3.425,319,30,13.4,10.7,9.5,0.6,157,89
2022.07.23 21:53:53,3.54,-58.9680061,0.3312352,4.136,305,9.6,6.496,3.698,318,30,13.4,10.4,9.1,0.6,160,89
2022.07.23 22:15:44,3.55,-58.9724159,0.3333165,4.066,292,9.9,6.499,4.042,304,31,13.4,10.6,9.5,0.5,166,90
2022.07.23 22:37:34,3.56,-58.9774475,0.3355573,3.641,303,9.5,5.279,2.841,320,32,13.4,10.2,9.1,0.6,167,90
2022.07.23 22:59:25,3.56,-58.9814339,0.3373361,4.216,302,10.0,6.63,3.669,317,31,13.4,10.9,9.5,0.5,167,90
2022.07.23 23:21:16,3.55,-58.984993,0.3406696,3.806,301,9.4,5.389,3.155,312,33,11.8,10.2,9.0,0.5,154,91
2022.07.23 23:43:07,3.54,-58.9877892,0.3459379,4.127,291,10.0,6.751,3.885,304,29,13.4,10.8,9.5,0.5,136,91
2022.07.24 00:04:57,3.54,-58.9901123,0.3511308,4.054,320,9.6,5.206,3.038,325,31,11.8,10.3,9.2,0.4,131,91
2022.07.24 00:26:48,3.54,-58.9922485,0.3564788,3.88,299,9.6,5.988,3.119,313,31,13.4,10.4,9.2,0.4,128,92
2022.07.24 00:48:39,3.54,-58.9942474,0.3636681,4.782,296,10.4,6.909,3.736,308,28,13.4,11.1,9.9,0.5,118,92
2022.07.24 01:10:30,3.54,-58.9953918,0.373791,4.093,301,10.6,5.928,2.936,305,29,13.4,11.4,10.0,0.6,102,93
2022.07.24 01:32:20,3.53,-58.9950638,0.386422,4.02,303,10.1,6.4,4.15,317,30,13.4,11.0,9.6,0.8,87,93
2022.07.24 01:54:11,3.54,-58.9944267,0.3980303,4.458,319,10.0,5.871,3.346,320,29,10.6,10.7,9.6,0.7,84,94
2022.07.24 02:16:02,3.54,-58.9940796,0.4094626,4.349,302,10.3,6.821,3.857,306,28,11.8,11.1,9.8,0.7,87,95
2022.07.24 02:37:52,3.54,-58.9940147,0.4199093,3.653,293,9.5,7.087,3.655,302,35,11.8,10.7,8.9,0.6,89,95
2022.07.24 02:59:43,3.54,-58.9942856,0.4284198,4.361,293,9.9,6.808,4.099,314,30,13.4,10.7,9.4,0.5,94,96
2022.07.24 03:21:34,3.53,-58.994606,0.436357,4.254,315,9.2,6.527,3.65,306,28,8.7,10.1,8.8,0.5,94,96
2022.07.24 03:43:25,3.54,-58.9950333,0.4434449,4.063,322,9.6,7.461,3.746,315,30,10.6,10.5,9.1,0.4,97,96
2022.07.24 04:05:15,3.54,-58.9953041,0.4490296,3.538,293,9.2,5.641,3.466,314,36,13.4,10.2,8.7,0.3,95,97
2022.07.24 04:27:06,3.54,-58.9962158,0.4538961,4.526,314,9.6,6.489,3.924,320,28,11.8,10.4,9.2,0.3,110,97
